Driver ID,Abbreviation,Full Name,Team,Points,Position
russell,RUS,George Russell,Mercedes,25.0,1.0
max_verstappen,VER,Max Verstappen,Red Bull Racing,18.0,2.0
antonelli,ANT,Kimi Antonelli,Mercedes,15.0,3.0
piastri,PIA,Oscar Piastri,McLaren,12.0,4.0
leclerc,LEC,Charles Leclerc,Ferrari,10.0,5.0
hamilton,HAM,Lewis Hamilton,Ferrari,8.0,6.0
alonso,ALO,Fernando Alonso,Aston Martin,6.0,7.0
hulkenberg,HUL,Nico Hulkenberg,Kick Sauber,4.0,8.0
ocon,OCO,Esteban Ocon,Haas F1 Team,2.0,9.0
sainz,SAI,Carlos Sainz,Williams,1.0,10.0
bearman,BEA,Oliver Bearman,Haas F1 Team,0.0,11.0
tsunoda,TSU,Yuki Tsunoda,Red Bull Racing,0.0,12.0
colapinto,COL,Franco Colapinto,Alpine,0.0,13.0
bortoleto,BOR,Gabriel Bortoleto,Kick Sauber,0.0,14.0
gasly,GAS,Pierre Gasly,Alpine,0.0,15.0
hadjar,HAD,Isack Hadjar,Racing Bulls,0.0,16.0
stroll,STR,Lance Stroll,Aston Martin,0.0,17.0
norris,NOR,Lando Norris,McLaren,0.0,18.0
lawson,LAW,Liam Lawson,Racing Bulls,0.0,19.0
albon,ALB,Alexander Albon,Williams,0.0,20.0
